timestamp,x,y,z,vx,vy,vz,roll,pitch,yaw
0.1,1.05,2.05,3.05,0.5,0.5,0.5,0.1,0.2,0.3
0.2,1.05,2.05,3.05,0.5,0.5,0.5,0.1,0.2,0.3
0.3,1.05,2.05,3.05,0.5,0.5,0.5,0.1,0.2,0.3
0.4,1.05,2.05,3.05,0.5,0.5,0.5,0.1,0.2,0.3
0.5,1.05,2.05,3.05,0.5,0.5,0.5,0.1,0.2,0.3
0.6,1.05,2.05,3.05,0.5,0.5,0.5,0.1,0.2,0.3
0.7,1.05,2.05,3.05,0.5,0.5,0.5,0.1,0.2,0.3
0.8,1.05,2.05,3.05,0.5,0.5,0.5,0.1,0.2,0.3
0.9,1.05,2.05,3.05,0.5,0.5,0.5,0.1,0.2,0.3
1,1.05,2.05,3.05,0.5,0.5,0.5,0.1,0.2,0.3
1.1,1.05,2.05,3.05,0.5,0.5,0.5,0.1,0.2,0.3
1.2,1.05,2.05,3.05,0.5,0.5,0.5,0.1,0.2,0.3
1.3,1.05,2.05,3.05,0.5,0.5,0.5,0.1,0.2,0.3
1.4,1.05,2.05,3.05,0.5,0.5,0.5,0.1,0.2,0.3
1.5,1.05,2.05,3.05,0.5,0.5,0.5,0.1,0.2,0.3
